Casa,Evento,Aposta,Odd,Data,Link
BET365,(8: Grande Prêmio da China,Para Lando Norris Vencer a Corrida. Leis Hamilton - Para Terminar na Zona de Pontuação,4.00,2025-03-23 02:19:20,https://www.bet365.bet.br/
BET365,8 Grande Prêmio da China,Para Lando Norris Vencer a Corrida | Pu Orc ii Tem o Pã Fernando Alonso - Para Terminar na Zona de Pontuação,8.50,2025-03-23 02:19:23,https://www.bet365.bet.br/
BET365,8: Grande Prêmio da China,Para Melaren Vencer a Corrida Para Melaren Registrar o Pit Stop Mais Rápido,10.00,2025-03-23 02:19:27,https://www.bet365.bet.br/
BET365,x Grande Prêmio da China,Safety Car Utilizado - Sim Bandeira Vermelha na Corrida,9.00,2025-03-23 02:19:30,https://www.bet365.bet.br/
BET365,8 Grande Prêmio da China,Para Oscar Piastri Vencer a Corrida | pu Lado Nois Tm no Para Max Verstappen Terminar no Pódio,6.50,2025-03-23 02:19:33,https://www.bet365.bet.br/
BET365,($ França v Croácia e,Ousmane Dembele: 1+ Chutes ao Gol Para França se Qualificar,3.75,2025-03-23 02:19:37,https://www.bet365.bet.br/
BET365,($ França v Croácia e,Kylian Mbappe - Para Marcar Resultado Final França,11.00,2025-03-23 02:19:40,https://www.bet365.bet.br/
BET365,"(B Alemanha v Itália e""",Leon Goretrka: 1+ Chutes ao Gol Resultado Final: Alemanha,6.00,2025-03-23 02:19:43,https://www.bet365.bet.br/
BET365,"(B Alemanha v Itália e""",Giacomo Raspadori 1+ Chutes ao Gol Para Ambos os Times Marcarem,6.00,2025-03-23 02:19:46,https://www.bet365.bet.br/
BET365,( Espanha v Países Baixos 1),Para Espanha se Qualificar Nico Wiliams: 2+ Chutes ao Gol,19.00,2025-03-23 02:19:50,https://www.bet365.bet.br/
BET365,($ Espanha v Países Baixos e,Para Espanha se Qualificar Lamine Yamal - Para Dar Assistência,13.00,2025-03-23 02:19:53,https://www.bet365.bet.br/
BET365,4? NO Pelicans O DET Pistons,Cade Cunningham - 25+ Pontos Zion Wiliamson - 25+ Pontos. Cade Cunningham - 7+ Assistências Zion Wiliamson - 7+ Rebotes.,6.00,2025-03-23 02:19:56,https://www.bet365.bet.br/
BET365,4? NO Pelicans O DET Pistons,Partida - Resultado - DEI Pistons Jalen Duren -20+ Pontos Jalen Duren - 10+ Rebotes Jalen Duren - Mais de 1.5 Tocos,19.00,2025-03-23 02:19:59,https://www.bet365.bet.br/
BET365,4? NO Pelicans O DET Pistons,Tobias Harris - 10+ Pontos Kelly Olynyk - 10 Pontos Yves Missi - 10+ Pontos Isaiah Stewart - 10+ Pontos,13.00,2025-03-23 02:20:02,https://www.bet365.bet.br/
